0,0,0,0,0,0,0,0,0,0,0,0,188.6,159.16,241.04,183.08,89.2399,248.4,195.04,492.203,698.28,379.961,264.04,868.477,677.12,926.436,782.918,1065.36,793.958,560.282,283.36,662.401,893.316,631.121,937.475,635.721,588.802,848.237,707.48,724.039,816.038,959.555,1167.48,1074.56,1297.21,1114.12,722.199,426.882,649.521,451.722,287.04,274.16,239.2,86.4799,0,0,0,0,0,0
0,0,0,0,0,0,0,0,0,0,96.5999,245.64,350.521,471.963,266.8,304.52,926.436,977.955,2163.87,1690.07,3360.69,2686.39,3616.43,4627.42,3471.08,5574.94,5245.61,5301.73,3563.99,4899.72,6234.53,4221.74,5700.97,4729.54,5308.17,5709.25,4964.12,5851.84,6619.05,6599.74,6693.57,6956.67,5565.74,5903.36,4623.74,4845.45,3912.64,3974.28,2230.11,1805.07,1827.15,1691.91,436.082,455.402,185.84,80.9599,0,0,0,0
0,0,0,0,0,0,0,173.88,86.4799,172.96,259.44,271.4,269.56,602.602,887.796,1425.09,2131.68,2609.11,3768.22,4785.65,7374.31,8937.26,10352.1,11281.2,11910.4,13735.6,14865.2,15190,14311.4,14443,17249.7,16247,15190.9,16788.8,17987.4,17475.1,19383.9,23914.5,20253.2,20428,20305.7,21132.7,20250.5,17851.3,15913.9,11899.4,12063.2,9273.03,5528.03,4276.93,3592.51,2300.94,1302.73,762.679,146.28,102.12,0,0,0,0
0,0,0,0,0,0,105.8,80.9599,92.9199,84.6399,739.679,271.4,711.16,815.118,1805.07,2457.33,3434.28,3953.12,6079.06,8888.5,10860.8,14041,14868,17532.1,19291,21685.5,20288.2,24566.7,23854.7,24708.4,24913.5,28301.6,30320.8,25941.1,28681.5,30935.3,29698.1,32948.5,32513,34325.8,32794.6,28948.3,31813,26418.5,25961.3,20048.1,16213.8,13748.4,10761.5,6461.75,5140.74,2873.13,2588.88,1272.37,510.603,159.16,0,0,0,0
0,0,0,0,0,176.64,0,68.0799,152.72,487.603,527.163,284.28,730.479,1276.05,1772.87,2795.86,4852.8,5051.51,6807.64,9434.94,11127.6,15236.9,15810,21205.3,21570.5,22132.6,26763.5,26042.3,29376.1,27141.6,29216,30549,27380.8,29685.2,32442.2,31409.1,36449.8,32995.5,35846,35539.9,37173.5,33439,34894.6,29006.3,25025.8,22404.9,16865.1,13731,10273,7130.53,4962.28,3300.9,2473.89,1233.72,676.2,265.88,0,0,0,0
0,0,0,0,0,0,0,172.96,103.04,434.242,170.2,447.122,621.001,1516.18,1441.65,2105,4105.83,5556.54,5831.6,10439.5,13035.5,13366.7,16361,20491.5,21843.8,20417.9,25139.8,27177.5,27167.3,26320.1,26460.8,27827.9,30078,29644.7,30382.5,30632.7,33366.1,37085,33909.1,36985.4,40586.3,38121.2,33175.3,29051.3,25895.1,22559.5,20553.1,13562.6,12309.7,6085.5,6827.88,3630.23,2667.07,1587.94,436.082,78.1999,0,0,0,0
0,0,0,0,0,93.8399,0,75.4399,266.8,95.6799,337.641,690,1468.33,600.762,1587.94,2521.72,3747.98,6193.13,5984.31,8190.28,12571.9,12981.2,15936.9,19423.4,22741.6,22950.4,24981.6,27183,28458.9,30354,27704.6,29339.3,25160.1,29231.7,28586.8,36511.6,33786.5,38419.8,34927.8,37629.8,39449.6,33944.1,29976.8,29050.4,27941.9,21118.9,18021.5,14351.9,10097.3,6795.68,5301.73,4005.56,2119.72,1984.48,89.2399,678.96,0,0,0,0
0,0,0,0,0,88.3199,85.5599,70.8399,246.56,0,97.5199,204.24,513.363,1479.38,1503.3,2950.41,3830.77,3480.28,7303.48,8678.76,12559,14591.1,18012.3,22031.4,22786.7,23065.4,24965.1,27238.2,25663.3,28209.6,29115.7,27834.3,31399,32682.3,30814.8,33353.2,33283.2,34343.3,33663.9,34290.8,36439.7,33478.6,31530.5,29344.8,27610.8,20462,17157.7,16335.3,9398.14,8239.04,5154.54,3617.35,1681.79,1934.8,378.121,297.16,0,0,0,0
0,0,0,0,0,0,170.2,0,77.2799,185.84,521.643,512.443,582.362,1202.44,1213.48,2656.03,4597.99,4978.83,8283.19,9340.18,13106.3,12822.1,17176.1,20104.2,24569.5,25023,26429.6,28011.8,26462.7,27738.6,27152.6,27119.5,26487.5,28708.2,34375.6,32842.5,34004.1,34811.6,36309.7,39047.6,37253.7,34324.9,32101.8,32086.2,26222.6,24701,17157.7,14691.4,11948.2,7818.63,6454.39,4613.62,2327.62,1125.16,605.362,352.361,147.2,0,0,0
0,0,0,0,0,176.64,95.6799,88.3199,271.4,0,529.003,172.04,1243.84,1472.02,1764.59,2604.52,2678.11,5737.77,7162.73,9919.73,10784.5,13887.4,16993.9,19182.4,20491.5,24725,25763.5,29757.8,27565.7,27263.9,28557.4,27953.9,31203,31947.3,29427.6,32526.8,30891.2,34655.8,33914.6,36105.9,34683.5,35456,35944.6,29676.9,25139.8,20268.9,17263.5,14172.5,11780.7,8099.21,5814.12,4456.32,2006.56,1679.95,727.719,69.9199,0,0,0,0
0,0,0,0,0,104.88,82.7999,0,191.36,252.08,358.801,728.639,541.883,1147.24,1134.36,2704.79,3782.94,5345.88,6581.34,9916.97,11491,14236.9,16824.7,20491.5,22360.8,24760.8,23969.7,27809.5,24791.2,31161.7,25703.8,29826.8,29745.9,29896.8,29672.3,30659.4,34429.1,37457.4,35780.5,38395.9,37746,34142.3,31417.4,29136,23897,23023.1,16543.2,12656.5,9836.02,7802.07,6047.78,4296.25,1127.92,1293.53,797.638,75.4399,0,0,0,0
0,0,0,0,0,0,68.0799,81.8799,201.48,86.4799,253.92,432.402,606.282,1478.46,2157.43,2416.85,3653.23,5097.5,6511.42,10377.9,11531.4,14844.1,19072,19547.6,22104.1,20989.2,28821.4,24872.1,25031.3,25155.5,28579.4,27832.5,31488.2,27505.9,29940.9,33531.1,36156.6,36043.3,37634.4,37824.3,34075.1,36117.9,32811.2,26178.4,26568.5,21180.5,19268.9,14680.3,8492.94,7003.58,4214.38,3615.51,1462.81,1309.17,657.801,271.4,0,0,0,0
0,0,0,0,0,0,87.3999,0,0,429.642,87.3999,376.281,706.56,1741.59,2154.67,1997.36,2655.11,5585.98,7580.37,9719.19,10907.7,13559.9,18280.9,17989.3,21134.5,25551,25348.7,24618.2,26069.9,26962.2,27550,28490.2,29225.2,30062.3,29972.2,31985,36603.8,36254.4,39594.3,34758.2,36911.7,32447.7,32755.9,31480.9,26956.7,22005.7,15048.3,13592.1,9097.32,8843.43,5376.24,3773.74,2575.08,1395.65,617.321,0,0,0,0,0
0,0,0,0,0,0,0,89.2399,199.64,174.8,255.76,418.602,894.236,1328.49,1614.62,2365.34,4058.91,6178.41,7622.69,10389.8,11640,15286.6,16607.6,20073.8,22146.4,21688.3,24767.3,25578.6,26469.1,29785.4,28204.1,28363.2,25991.7,31783.5,32008.9,36886.8,33875.9,35946.5,36728.2,37705.4,36971.6,32452.3,31530.5,29851.7,25074.5,20428.9,16363.8,15120.1,12235.2,9415.62,5977.87,3790.29,1496.86,882.276,756.239,244.72,0,0,0,0
0,0,0,0,0,100.28,170.2,0,76.3599,0,174.8,604.442,920.916,1430.61,2049.8,2656.03,4153.66,4254.86,6424.03,9628.12,13374,17192.6,17276.3,20975.4,23165.7,21524.5,24162,27484.7,28791,29483.7,27287.9,28062.4,30241.7,29854.4,29089.1,34271.4,36951.3,34575.6,36744.8,38058.5,37215,34437.3,31118.4,30118.5,28834.2,23232.8,18148.4,14877.2,11768.8,6147.13,5845.4,4341.33,2846.45,1822.55,770.039,353.281,88.3199,0,0,0
0,0,0,0,0,0,276,446.202,0,96.5999,594.322,505.083,426.882,1115.96,1214.4,1991.84,4073.63,6363.32,7953.86,10125.8,13087.9,15789.8,17627.8,20671.8,23336.8,22117,25098.4,24495,26549.2,26956.7,27242.8,30623.5,33256.4,28782.7,30724.7,33311.7,34784,35569.4,36815.8,35369.4,36206.4,33872.2,32731,32940.2,23989.9,20566,18244.1,15113.6,10708.1,7432.27,6780.96,3587.91,1990,885.036,980.715,91.9999,0,0,0,0
0,0,0,0,0,0,165.6,275.08,0,338.561,95.6799,802.238,767.279,966.915,2250.35,3244.78,4443.44,5448.91,7060.62,10349.3,11720.9,14205.7,16706,17988.4,23291.7,22467.5,29174.6,25335.8,28728.5,27573,29921.6,30000.7,28672.3,30629.9,29607.9,30831.4,34741.6,36473.8,36704.2,38832.8,40764.2,33011.2,31799.2,27626.4,26455.3,23390.2,18505.4,14716.2,9226.11,7661.33,6222.57,2504.24,3351.49,1817.03,549.243,252.08,0,0,0,0
0,0,0,0,0,0,260.36,199.64,184.92,102.12,436.082,674.36,532.683,965.995,2005.64,1770.11,3599.87,5280.57,8076.21,8174.64,12954.6,14292.1,15647.2,18160.4,19715.1,25144.4,24875.8,25017.5,27309.9,29760.6,27329.3,31594.9,30227,28432.2,32571,30648.3,35237.5,35038.4,33418.7,34189.4,39406.3,34535.1,32804.7,33162.4,25255.8,23460.1,20559.6,13145.9,12661.1,7474.58,6342.16,3535.48,2729.62,1325.73,847.317,252.08,71.7599,0,0,0
0,0,0,0,0,0,0,0,204.24,370.761,435.162,450.802,1156.44,1418.65,1482.14,2304.62,3782.94,5116.82,8042.17,9105.6,15040.9,13586.5,15216.6,19031.6,20844.7,22579.7,25809.5,24035.9,23422.3,28372.4,26462.7,29534.3,31795.5,31767,32080.7,32726.4,34674.3,34991.4,36878.5,36448,36227.6,35215.4,32401.7,29062.4,25762.6,20697.5,17718.8,14123.8,10351.2,7370.63,5427.76,4156.42,2213.55,1481.22,894.236,0,73.5999,0,0,0
0,0,0,0,88.3199,0,0,0,75.4399,357.881,262.2,1300.89,1136.2,1131.6,2031.4,3930.12,3300.9,6354.12,5771.81,10065.1,13412.7,13088.9,17299.3,18790.5,23387.4,21370,26474.6,28529.8,25928.2,30205.9,28087.3,28156.3,29370.6,31846.1,31515.8,32059.5,34057.5,34287.1,33589.2,37498,34605.1,32540.6,34495.4,27688.9,28229.9,21494.2,17500.8,13603.1,9914.21,7388.11,4348.69,4617.3,2727.78,1083.76,424.122,340.401,92.9199,0,0,0
0,0,0,0,0,0,79.1199,0,81.8799,95.6799,373.521,783.838,971.515,1144.48,1976.2,1368.97,4735.05,5678.89,7638.33,9706.31,9782.67,16489.8,16603,20120.7,22158.4,23179.5,25554.7,26949.3,28344.8,25643,27783.7,26783.7,32019,31284.9,31422,33277.6,34775.7,33227.8,38611.6,34890,37180.8,33121.8,29969.4,30997.9,21653.3,23715.8,17725.3,14759.4,10462.5,8290.55,5763.53,4374.45,2198.83,1366.21,318.32,442.522,0,0,0,0
0,0,0,0,0,0,82.7999,0,83.7199,504.163,187.68,920.916,1000.03,675.28,2038.76,3321.13,4183.1,5244.69,6573.06,9719.19,12513,14663.8,17808.1,21266.1,23235.6,22535.5,22899.8,26108.5,27298.9,27791.1,29461.6,31006.2,29871.9,31436.7,32073.3,34306.4,34386.6,38241,38667.8,37101.6,38160.8,35024.6,33516.4,28836.1,26442.5,21657,16881.7,15524.8,10872.8,7584.97,4795.77,3608.15,2972.48,1385.53,851.917,0,0,0,0,0
0,0,0,0,0,0,83.7199,0,0,257.6,360.641,359.721,650.441,1051.56,1491.34,2183.19,4335.81,5850,8242.72,10388,12005.2,14227.7,17375.7,19374.7,23848.3,23641.3,24655,24680.8,25967.8,27543.6,27903.3,28304.4,26482.9,31468,30377.9,34611.6,34934.2,35746.4,35000.6,36207.3,36831.5,36370.5,33843.7,32660.2,26805.8,22421.5,19028.8,14621.5,10128.6,7924.42,6235.45,3591.59,2361.66,2338.66,874.917,280.6,0,0,0,0
0,0,0,0,0,0,0,80.0399,176.64,103.04,155.48,627.441,794.878,1354.25,2202.51,2637.63,3846.41,6641.13,7559.21,9015.45,11241.7,14288.4,15307.7,18897.3,21797.8,20342.4,24947.6,27608,26524.3,31879.2,29427.6,30137.8,29158.1,31469.8,28925.3,32600.4,32613.3,35159.2,37217.7,38837.5,36239.6,31949.1,34469.6,32663.9,23899.8,19894.4,19361.8,15528.5,11752.2,7639.25,5003.67,4564.87,2394.77,1425.09,966.915,162.84,0,0,0,0
0,0,0,0,0,0,0,180.32,170.2,270.48,572.242,588.802,708.4,905.276,2097.64,1984.48,4682.62,5480.19,7447.9,8714.64,12434.8,13905.8,16731.8,20888,21179.6,25876.7,27005.4,27723,26321,27950.2,30067.9,29360.4,29899.5,30187.5,28530.7,30674.1,32012.6,35908.7,38810.7,34040,36144.7,36850.8,32178.2,29814.9,26552.8,19744.5,18173.3,14095.3,11264.7,7409.27,6965.87,2985.36,2077.4,1081.92,381.801,252.08,99.3599,0,0,0
0,0,0,0,83.7199,0,0,0,163.76,358.801,241.96,460.923,521.643,1167.48,1869.47,2378.21,4050.63,5052.43,8400.94,10562.8,13103.6,15378.6,16712.4,18539.4,21899.9,18900,25226.3,27574.9,28086.4,27490.2,28332,29025.6,29432.2,30312.6,28287.8,33049,30230.7,34735.1,36523.6,35533.5,41091.4,35455.1,32549.8,29343.9,29053.2,19721.5,17812.7,14172.5,9937.21,6356.88,5157.3,4588.79,2034.16,1372.65,1150,489.443,0,0,0,0
0,0,0,0,0,0,0,84.6399,0,175.72,578.682,621.001,791.198,2365.34,2047.04,3825.25,3649.55,4989.87,7500.34,9208.63,12701.6,13637.1,17369.3,17504.5,20331.4,21329.5,23770.1,26418.5,26353.2,27689.9,29284.1,27384.5,28527,30977.7,32507.5,32196.6,31635.4,33998.5,38890,37418.7,39443.1,33167.9,34958.2,26673.4,25990.8,20040.7,17430.9,13473.4,11084.4,7470.9,4370.77,2968.8,2137.2,1487.66,813.278,0,0,0,0,0
0,0,0,0,0,180.32,0,0,165.6,275.08,524.403,823.398,586.042,1084.68,1582.42,2468.37,3678.98,5227.21,6849.96,8876.54,11804.7,14246.1,15062.1,19041.7,19389.4,24285.2,25598,25169.3,25379.9,27202.3,27214.3,29929.9,28928.1,29208.7,29698.1,32298.7,30727.4,35760.2,33945.1,36382.5,36421.2,37026,32742.1,28104.8,25098.4,22694.7,17353.6,13223.2,9844.3,8905.06,5850,4584.19,3205.22,1659.7,1002.79,77.2799,72.6799,0,0,0
0,0,0,0,73.5999,0,175.72,0,0,461.843,523.483,241.04,559.362,1287.09,2167.55,2878.65,3950.36,6231.77,6356.88,8593.21,13955.4,15662.8,17284.6,18148.4,20599.1,24337.7,22623.9,27245.5,26364.3,25444.3,28367.8,26872.1,28754.2,31113.8,31020,30451.5,30942.7,38963.8,34949.9,36084.7,35943.7,38974.8,33036.1,29459.8,24829.8,21313,17329.7,11705.3,10714.5,8319.07,5340.36,2766.42,2179.51,1079.16,616.401,233.68,0,0,0,0
0,0,0,0,0,0,85.5599,86.4799,93.8399,360.641,185.84,360.641,858.357,1260.41,1857.51,3104.95,4118.71,4962.28,8514.09,9508.53,9014.53,14742,17841.2,20040.7,19342.5,23842.8,22263.2,26041.4,26553.8,27976.9,29159,29144.3,29115.7,30128.6,33169.8,33676.8,32950.4,39840.5,32330,36992.8,34971.1,35164.7,32363.1,31407.3,27512.3,21054.5,16213.8,13616,11812,7918.9,5004.59,3559.39,2955.01,1531.82,729.559,105.8,0,0,0,0
0,0,0,0,83.7199,0,174.8,82.7999,171.12,0,430.562,439.762,775.558,2066.36,2030.48,2518.04,3555.71,5795.72,7458.02,9875.58,12047.5,14061.2,16723.5,18189.8,22519.9,22710.3,27103,26459.9,26407.5,28592.3,26514.2,30949.1,28923.5,28871,31895.7,31258.2,35211.7,34961.9,34240.1,34420.8,37776.4,33587.4,32741.2,28047.7,24656,23016.7,18919.3,11881.9,9315.35,7107.53,5382.68,4688.14,2381.89,1454.53,1053.4,433.322,0,0,0,0
0,0,0,0,0,0,0,0,241.04,544.643,339.481,522.563,519.803,1460.97,2238.39,2963.28,3943.92,5490.31,8030.21,10088.1,12023.6,13296.8,17265.3,19524.6,21124.4,23884.1,25000,25464.6,28547.2,27663.2,29686.1,28261.1,29084.5,32825.9,32732,33298.8,31576.5,34459.5,37982.9,36890.5,36795.5,35325.1,32732.9,29834.2,25888.7,22043.4,16278.2,15449.4,9552.69,7699.04,5598.86,4298.09,2212.63,959.555,1104.92,249.32,86.4799,0,0,0
0,0,0,0,0,0,0,0,328.441,471.963,541.883,631.121,669.76,1336.77,2612.79,2102.24,3161.07,6034.9,5784.69,10259.2,12056.7,14540.5,16011.5,21081.1,20941.3,22495.1,25639.4,24151.8,26821.5,26260.3,28320.9,30934.4,29572,29116.7,30414.7,29896.8,31373.2,33376.3,38164.5,37778.2,36377.9,33804,30680.5,31328.2,27482,23132.6,16256.2,13753,11584.8,7479.18,5738.69,3683.58,1950.44,2113.28,0,245.64,0,0,0,0
0,0,0,0,0,0,86.4799,0,207.92,153.64,351.441,636.641,532.683,1172.08,1780.23,3168.43,4722.18,5466.39,7828.75,9403.66,11100.9,13788,16754.8,20152,22012.1,22275.2,24588.8,25658.7,29026.5,29291.4,28480.1,30062.3,32002.5,27731.3,29997.9,30271.2,33507.2,35776.8,35150,37828,38636.5,37428.8,31947.3,27207.8,24465.5,21260.5,16623.2,13501,11319.9,6660.45,5573.1,3804.09,2309.22,1838.19,526.243,84.6399,0,0,0,0
0,0,0,0,0,0,0,383.641,89.2399,150.88,161,624.681,1315.61,1235.56,2198.83,2258.62,3878.61,6762.56,8400.94,10906.8,12998.7,15541.4,17151.2,18109.8,21545.7,21845.6,23001,25332.1,28676.9,28010.9,28675.1,29835.1,27518.8,29455.2,32297.8,33531.1,33341.2,35032,37736.7,36034,36837.9,34971.1,32994.6,29791.9,23364.4,20588.1,16563.4,13399.8,11667.6,8044.93,5508.71,4643.98,2303.7,1162.88,680.8,404.802,0,0,0,0
0,0,0,93.8399,0,0,0,178.48,78.1999,283.36,528.083,928.276,980.715,1432.45,2323.02,3117.83,5039.55,6873.87,6424.03,9893.98,13162.5,14408,17400.5,18638.8,20533.8,25736.9,23999.1,26000.9,28466.3,28975,28119.5,31996.9,31637.2,33122.8,28964,34100.9,34989.6,37268.4,37723.8,36138.2,36024.8,35046.7,33131.1,28201.3,25088.3,21523.6,16682.1,15187.2,10649.2,8306.19,6539.94,5082.79,2488.61,1590.7,881.356,190.44,92.9199,0,0,0
0,0,0,0,0,79.1199,99.3599,74.5199,77.2799,0,358.801,184,438.842,1208.88,2088.44,2954.09,3695.54,4284.29,7566.57,10649.2,12044.8,13075.1,16303.1,20087.6,21563.2,22882.4,23693.7,24514.3,27939.2,28251,27760.7,30577.5,30919.7,33397.5,30481.8,34222.6,33405.8,36070,35689.3,39657.9,36235,30006.2,32837.9,29897.7,26503.2,22108.7,18000.3,13225.9,10317.1,7934.54,6032.14,4141.71,3012.04,1620.14,1052.48,158.24,0,0,0,0
0,0,0,0,0,0,87.3999,166.52,91.9999,99.3599,399.282,1041.43,596.162,1308.25,1676.26,2644.99,4552.91,6414.83,7527.02,9388.02,12472.5,11224.2,17743.7,18951.5,22459.2,24766.4,23272.4,25585.1,25758.9,29280.4,26228.1,27686.2,29261.1,28455.2,29904.1,31652,37163.3,34356.2,36177.8,38576.6,38847.6,35310.4,29826.8,29211.4,26070.8,21836.4,18938.6,14171.6,10401.8,6745.08,6584.1,4792.09,2451.81,1137.12,702.88,188.6,0,0,0,0
0,0,0,0,0,0,0,0,265.88,0,554.763,454.482,554.763,1632.1,2252.19,2844.61,3855.61,6218.89,7351.31,10629.9,10223.3,14295.8,15589.2,19463.9,22197,23206.2,25058.9,29347.6,28213.3,28221.6,28759.7,29453.4,30143.3,30876.5,31166.2,30158.9,33740.4,34489,36844.4,37311.8,38155.3,38466.9,32619.7,30058.7,24559.4,21955.1,18404.2,14825.7,10528.7,8945.54,6563.86,4046.03,2928.33,1144.48,724.959,190.44,0,0,0,0
0,0,0,0,0,0,0,329.361,94.7599,469.203,365.241,275.08,1249.36,1377.25,1305.49,2795.86,4011.08,6600.66,7422.15,10319.9,11504.8,14621.5,18250.5,19973.6,19429,23151.9,24164.7,26408.4,28927.2,26587.8,26705.5,28963,26591.5,27879.4,30086.3,34415.2,32175.4,33901.7,35366.6,34515.7,36095.8,34635.6,33032.4,30031.1,26051.5,22211.7,17679.3,13448.6,10462.5,7915.22,4938.36,3403.93,1502.38,1477.54,562.122,433.322,0,0,0,0
0,0,0,0,0,0,89.2399,91.0799,0,173.88,376.281,632.961,863.877,1205.2,1462.81,2534.6,5367.04,5807.68,6673.33,9037.53,12352,14219.4,18899.1,18319.5,22059,22120.7,23957.7,27806.7,29039.4,28246.4,28971.3,29173.7,31415.5,32291.3,30592.2,34170.9,32762.3,34543.4,37861.2,38456.7,35658.8,36059.8,32432.1,31525,25643,22270.6,17420.8,14789.8,10465.2,6871.11,4852.8,3860.21,2620.15,1653.26,422.282,91.0799,0,0,0,0
0,0,0,0,0,0,0,0,87.3999,186.76,519.803,541.883,540.043,1214.4,2628.43,2415.01,3734.18,4942.04,7259.32,10047.6,12075.1,11919.6,17658.1,17569.8,22244.8,24712.1,24379.1,25600.7,27935.5,27354.1,28539,27393.7,32430.2,30081.7,30687,33049,36329,34015.1,33025,37099.7,34753.6,34346.1,33647.3,34277.9,26977.8,18482.4,19899,13597.6,10001.6,8731.2,5787.45,3256.74,2987.2,1339.53,846.397,96.5999,0,0,0,0
0,0,0,0,0,78.1999,96.5999,0,357.881,83.7199,263.12,510.603,529.923,1797.71,2492.28,1855.67,4135.27,3906.2,6367,10891.2,12452.3,14120.1,15882.7,18470.4,22552.1,24865.7,24037.8,28217,25346.8,27041.3,27822.3,27543.6,24925.5,30795.5,31967.5,31860.8,31778,38125.8,37893.5,37974.6,39575.9,35751.9,32443.1,30695.2,25237.4,20578.9,17575.3,14051.1,10590.4,6222.57,6187.61,4495.88,3242.94,1364.37,502.323,98.4399,82.7999,0,0,0
0,0,0,0,0,0,0,356.961,0,85.5599,701.96,602.602,814.198,1288.93,1127,2355.22,3477.52,6296.16,6460.83,9997.01,10968.4,14949.9,16334.3,18326,19808,23027.7,25798.5,29434,25405.7,26589.6,27247.4,30057.7,29896.8,29802.9,31397.2,32220.5,33549.6,32714.5,34139.6,37639.9,32622.5,36234.1,31812,30382.5,23773.8,20281.7,16390.5,14243.4,14113.7,8028.38,5356,3921.84,2690.07,1246.6,618.241,175.72,0,0,0,0
0,0,0,0,0,171.12,0,87.3999,172.04,187.68,81.8799,420.442,690,870.317,1023.03,3073.68,2876.81,5869.32,6861.91,9156.2,12272.9,16203.7,19286.4,21712.2,22722.3,22425.2,27879.4,25323.8,26838,28948.3,29133.2,29045.8,29680.6,32390.7,30317.2,31729.2,33557.9,35184.1,36461.8,35198.8,36248.8,32608.7,31843.3,28486.5,26579.5,25699.2,15813.7,13292.2,10162.6,8936.34,4868.44,3352.41,2771.94,1581.5,529.003,181.24,0,0,0,0
0,0,0,0,0,256.68,161.92,86.4799,276,458.163,322.001,771.878,946.675,890.556,1860.27,2669.83,4144.46,5793.88,6692.65,8130.49,12473.4,14363.9,17592.8,17548.6,22585.2,25003.7,26040.4,27629.2,28529.8,23944.9,29268.5,30417.4,28522.4,27921.7,33703.5,33846.4,34791.3,33005.7,38767.4,34912.1,37252.8,32685,36737.4,28275.9,26850.9,20370,15435.6,14468.7,9935.37,8861.82,6041.34,4277.85,2262.3,1679.03,705.64,175.72,168.36,0,0,0
0,0,0,0,0,0,0,93.8399,85.5599,185.84,336.721,521.643,725.879,1607.26,1326.65,2333.14,3783.86,6159.09,6804.88,9104.68,12587.5,15801.7,17614.9,20626.7,23832.6,24063.5,23393.8,30067.9,25906.1,31264.7,31347.5,28527,28955.7,30016.3,33689.7,33819.7,33261,32552.6,34926.9,38678.9,37197.4,35148.1,30274.8,29280.4,25742.4,22987.2,18664.5,14457.7,11258.2,6190.37,4444.36,4110.43,2664.31,1080.08,336.721,87.3999,0,0,0,0
0,0,0,0,0,0,0,0,352.361,86.4799,414.002,1050.64,1161.04,1251.2,1815.19,4064.43,4197.82,6693.57,7965.82,9975.85,11977.6,15242.4,16896.4,17881.7,22138.1,23083.8,28708.2,28341.2,25770.9,27708.3,29918.8,27882.1,30914.2,29789.1,31142.3,32697.9,34353.5,36543.8,38257.6,36221.2,34749.9,37933.1,31982.2,25605.3,26769.9,25305.4,18290.1,16181.6,12318,6828.8,3619.19,3253.98,2942.13,939.315,464.603,486.683,0,0,0,0
0,0,0,0,0,97.5199,0,0,180.32,0,249.32,624.681,591.562,931.036,1617.38,2655.11,3862.97,5496.75,7568.41,9232.55,12020.8,15562.5,16620.4,17614.9,23906.2,22611,25670.6,24893.3,27685.3,27831.5,31486.4,31902.2,30189.3,29261.1,30271.2,32282.1,35814.6,36541.1,34400.5,36753.1,37782.8,34549.8,30629,27507.7,23685.4,21042.5,15337.2,13790.8,12231.5,6473.71,5530.79,4264.05,2620.15,1526.3,769.119,365.241,0,0,0,0
0,0,0,0,0,0,186.76,86.4799,251.16,0,80.9599,711.16,850.997,908.956,1859.35,3011.12,3931.04,7426.75,7607.05,9521.41,10972.1,13244.3,19069.3,18551.4,21382,24170.2,24939.3,27027.5,30481.8,29043.1,28983.3,29701.7,28503.1,31056.8,28458,33978.3,33237.1,32816.7,32465.2,36454.4,35918.8,33038.9,29867.3,27649.4,25934.7,17876.1,17388.6,14082.4,10544.4,7540.82,6113.1,3722.22,3589.75,1094.8,943.915,246.56,0,0,0,0
0,0,0,0,0,0,0,0,0,0,305.44,270.48,584.202,781.078,1581.5,3669.78,3611.83,4908,6898.71,10555.4,13371.3,14096.2,15937.9,19534.8,21869.5,22960.5,27089.2,27340.3,28975,29087.2,25546.4,29469,31784.4,30354.9,32563.6,34381.1,37503.5,34725,38937,36760.5,33589.2,34168.2,33021.3,28205.9,24552.9,24511.5,18395.9,14265.4,10064.2,7814.95,6206.93,3256.74,2116.96,1207.96,1050.64,84.6399,0,0,0,0
0,0,0,0,0,186.76,0,167.44,159.16,357.881,84.6399,812.358,700.12,1614.62,1930.2,2651.43,4639.38,4699.18,7902.35,9526.93,13186.4,13765,16554.2,19440,21757.3,21202.6,25007.4,24988.1,24266.8,25308.2,27498.5,28991.6,31105.5,30867.3,31874.6,31875.5,32192,35375.8,36589,37279.5,34417.1,35039.3,32675.8,27748.7,27233.6,21761,15763.1,13381.4,10664,8976.81,5532.63,4678.02,2614.63,1217.16,960.475,261.28,83.7199,0,0,0
0,0,0,0,79.1199,0,88.3199,144.44,261.28,184.92,431.482,816.038,793.038,1368.05,2555.76,3119.67,4001.88,5055.19,7286.92,9101,14188.2,14898.4,16716.1,18282.7,24378.1,23748.9,25325.7,22416,26592.4,25644.9,28115.8,27574.9,26443.4,28387.2,29476.4,30455.2,36605.6,34813.5,36426.8,39101.1,35640.4,34579.3,31365,29544.4,24465.5,22476.7,18073,13956.4,12377.8,7148.01,6902.39,3460.04,2138.11,1609.1,954.035,94.7599,0,0,0,0
0,0,0,0,0,0,187.68,171.12,86.4799,270.48,0,176.64,417.682,959.555,1897.08,3518.92,5507.79,4700.1,6653.09,9311.67,11962,14026.3,18145.7,19794.2,21727.9,23540.1,22596.3,25954.9,27427.7,26163.7,25986.2,29452.4,28531.6,30356.7,27934.6,31832.3,37137.5,35159.2,34307.4,37561.6,37163.3,34236.4,30951.9,29063.3,28082.7,20281.7,17039,13745.7,10015.4,8044.93,5217.09,3167.51,2123.4,1914.56,485.763,483.923,0,0,0,0
0,0,0,0,0,0,0,88.3199,89.2399,0,267.72,99.3599,1218.08,1148.16,1396.57,2288.98,4099.39,5909.79,6418.51,9151.6,13321.6,14513.8,18377.5,19633.2,23555.7,24283.4,25501.4,25462.7,27183,28538,27349.5,28767.1,28975,32175.4,29981.4,31146,37326.5,35581.4,36039.6,37627,34447.5,36105.9,33317.3,28955.7,27372.5,20213.7,17598.3,13944.4,9982.29,7003.58,4505.07,4230.94,2819.78,1657.86,428.722,77.2799,0,0,0,0
0,0,0,0,0,0,0,196.88,84.6399,94.7599,0,602.602,531.763,1425.09,2211.71,2585.2,4414,4641.22,6692.65,8429.46,14388.7,14277.4,18834.7,17665.5,22589.8,23609.1,24819.7,28481.9,28310.8,28308.1,28459.8,28187.5,27994.4,34006.8,29236.3,33326.5,36119.8,36542.9,35276.3,38631,35386,37105.3,33278.6,28880.2,26348.6,21071,16564.3,13916.8,11032.8,7929.02,4617.3,3943.92,2438.01,2230.11,609.961,170.2,180.32,0,0,0
0,0,0,0,0,89.2399,85.5599,0,75.4399,89.2399,722.199,545.563,752.559,1023.95,1266.85,2599.92,3361.61,4980.67,8757.87,9989.65,9614.32,14614.1,15158.7,18717.9,21144.6,21561.3,25029.5,27595.1,26253.9,27309,31836.9,29329.2,27611.7,28981.4,33356.9,29652.1,32793.6,36671.1,36627.7,36655.4,36005.5,35594.3,31257.3,28772.6,24804.1,22278,18217.4,15095.2,11211.3,7847.15,6249.25,4163.78,2017.6,1699.27,529.003,452.642,0,0,0,0
0,0,0,0,0,79.1199,96.5999,0,91.9999,178.48,264.96,577.762,533.603,1004.63,1852.91,2680.87,3674.38,4864.76,6047.78,9696.19,10771.6,14799,15940.6,19095,20357.2,23151,25069,24230,26589.6,29580.3,27895,29600.5,29771.6,32552.6,29629.1,32566.4,30504.8,33370.7,37975.5,35165.6,34039.1,37798.5,32595.8,30606,28068.9,22174,18003.1,13459.6,10242.6,6790.16,5631.98,3734.18,3383.69,1684.55,724.039,240.12,0,0,0,0
0,0,0,0,0,0,0,161.92,161.92,346.841,78.1999,407.562,895.156,915.396,1812.43,2243.91,3349.65,5503.19,7712.84,9006.25,10804.7,16125.5,15521.1,21588.9,21072.9,22363.5,25993.5,28077.2,28080.8,29846.2,29912.4,27752.4,29378.8,31779.8,31868.2,33118.1,37871.3,34647.5,37895.3,39744.6,36400.9,35446.8,32174.5,29813,27783.7,25278.8,16894.6,13651.9,11565.5,7309.92,5620.02,4737.81,1787.59,1209.8,1742.51,348.681,0,0,0,0
0,0,0,0,0,0,91.9999,96.5999,0,274.16,241.04,80.0399,1066.28,1613.7,1449.01,3299.98,3562.15,4475.64,7851.75,9655.72,11507.5,14187.3,16886.3,17427.2,22025,22427.9,25066.2,26399.2,26187.6,30323.6,28297,30977.7,28656.7,28662.2,27792.9,30700.8,34888.1,35193.3,33290.5,37736.7,35506.7,39680.1,31308.8,29861.8,28016.4,19813.5,16611.2,14161.5,9634.56,6276.84,6392.75,3218.1,3291.7,943.915,517.963,450.802,0,0,0,0
0,0,0,0,0,0,0,91.0799,86.4799,356.961,447.122,814.198,855.597,1069.04,1221.76,2052.56,3735.1,6456.23,7889.47,10132.2,12871.8,13901.2,15849.6,21321.2,21083,24274.2,25049.7,28242.7,28277.7,28470,28696.3,28010.9,31089,30277.6,29370.6,33068.4,33169.8,34544.3,38006.8,40548.5,36487.6,33952.4,37339.4,28444.2,24114.1,21160.3,16876.2,13401.6,10692.5,8815.83,5525.27,4166.54,3194.19,1952.28,413.082,254.84,0,0,0,0
0,0,0,0,0,0,0,0,82.7999,369.841,342.241,878.596,347.761,1690.07,2243.91,3148.19,3809.61,5604.38,7469.06,9161.72,11739.3,15059.3,14929.6,20806.1,22530,22682.7,26091,27987.9,27022.9,25324.7,29942.8,30579.3,28952.9,28879.3,31408.2,33048.1,34052,36402.8,36527.2,40759.6,36515.3,36885.8,32297.8,29477.3,26514.2,23700.2,18200.9,14041,10875.5,8806.63,5459.03,3513.4,2319.34,1058.92,779.238,360.641,0,0,0,0
0,0,0,0,0,78.1999,85.5599,0,160.08,526.243,349.601,970.595,829.837,775.558,1016.59,3989.92,4478.4,4892.36,7366.03,10004.4,11528.7,15008.7,17453.9,19243.1,22832.7,25644,20388.4,27763.5,26668.8,25252.1,29014.6,31617,28504,32771.5,30680.5,30373.3,37991.2,36658.1,38431.8,35173.9,36482.1,35800.8,30696.2,30730.2,25360.6,22543.8,20270.7,14684,12465.2,6732.21,6579.5,5275.97,3656.91,1849.23,623.761,84.6399,0,0,0,0
0,0,0,0,0,0,0,65.3199,95.6799,195.96,523.483,697.36,793.958,1113.2,1640.38,3035.96,4372.61,5237.33,6961.27,8217.88,12109.1,15833,16904.7,20451.9,22302.8,22144.6,24867.5,24483,26219.8,28958.4,27562,24881.3,28573.9,28578.5,28463.5,30831.4,37043.5,31778,35207.1,38573.8,39292.9,37569.9,33853.8,32140.4,25697.3,23890.6,16232.2,13961,10827.7,7573.01,4673.42,3658.75,2141.79,1695.59,859.277,165.6,104.88,0,0,0
0,0,0,0,0,0,156.4,91.9999,0,146.28,69.9199,898.836,519.803,677.12,1665.22,3207.98,4107.67,3949.44,7280.48,8538.01,10949.1,14255.3,16520.2,17343.5,22990,23151.9,25504.1,25259.4,26042.3,30304.3,27250.1,29537.1,30713.6,29029.3,30451.5,31447.7,37559.7,36412.9,34866.9,37444.5,36182.5,37171.6,31667.6,27327.4,24738.8,22692.8,16194.5,16317.8,8877.46,7209.64,5585.98,3561.23,2507.92,2139.95,1194.16,358.801,0,0,0,0
0,0,0,0,0,0,0,168.36,250.24,272.32,251.16,415.842,1133.44,1050.64,1712.15,3652.31,4759.89,6895.95,6877.55,8170.04,11294.1,14117.3,12895.7,18093.2,19532.9,25676.2,27610.8,27863.7,27962.2,27723,27153.6,26891.4,30286.8,31051.3,31380.6,32859.1,33902.7,38742.5,34943.5,36741.1,39239.4,36577.9,30841.5,27307.2,26862.9,20862.2,16680.2,14036.4,10339.2,8944.62,6093.78,4310.97,3117.83,1592.54,667,536.363,0,0,0,0
0,0,0,0,0,0,0,81.8799,191.36,156.4,92.9199,518.883,553.843,1702.95,1334.93,2531.84,4725.86,5997.19,9199.44,9296.95,12660.2,14258.1,20027.8,19224.7,20120.7,21837.3,24575.9,25183.1,26065.3,27849.9,29329.2,28584.9,26845.4,30204,30268.4,27435,36323.5,36328.1,38639.3,37646.4,34586.7,37226,32662,28187.5,25128.8,21709.5,18401.4,14177.1,10781.7,7171.01,4541.87,4193.22,2599.92,1502.38,1100.32,165.6,0,0,0,0
0,0,0,0,0,107.64,0,160.08,86.4799,195.04,243.8,745.199,1043.27,1612.78,1959.64,2771.02,2688.23,5972.35,6838,9102.84,12773.3,12789.9,16840.3,18487.9,20630.4,23520.8,25249.3,26065.3,24907.1,27412,25419.5,28504.9,28235.4,28058.8,31113.8,30607.9,33863.9,35197,39581.4,34193.1,34698.2,35161,34407.8,29999.8,28085.4,21588.9,17756.5,13208.5,10427.5,8129.57,5215.25,3931.96,1907.2,1434.29,1121.48,346.841,184,0,0,0
0,0,0,0,0,0,0,70.8399,103.04,102.12,350.521,517.043,668.84,1294.45,1996.44,3413.13,3273.3,5210.65,8793.75,10928.9,13481.7,13996.8,17362.8,24207,23350.6,24097.6,25283.3,24791.2,26503.2,28032.1,26878.5,27884.9,31544.3,29541.7,33831.7,28779.1,34250.2,38371.9,34654,37378.1,37775.5,31757.8,32051.2,29052.3,24950.3,23305.5,16425.4,13366.7,10020,6069.86,5166.5,3037.8,2201.59,1506.98,503.243,95.6799,0,0,0,0
0,0,0,0,0,0,78.1999,248.4,180.32,376.281,465.523,582.362,719.439,1325.73,2059.92,2393.85,4602.59,5764.45,7152.61,8852.62,10445.9,12726.4,16507.3,22132.6,21770.2,24657.8,26453.5,27711,25199.6,25839.9,27947.4,26606.2,30191.1,31404.5,32239.8,34228.1,33781.9,36471.9,40283.9,38738.8,36179.7,36792.7,31955.5,28809.4,25977,23964.2,17805.3,13008.8,10440.4,8631.84,5955.79,3644.95,1955.96,1577.82,1074.56,157.32,80.0399,0,0,0
0,0,0,0,0,0,0,182.16,0,179.4,255.76,91.0799,271.4,1193.24,2355.22,2722.27,4279.69,4678.94,7269.44,9749.55,12329.9,14799.9,19155.8,18302.1,21947.7,22421.5,24985.3,27009.1,27090.1,27243.7,27965.8,29883,30305.2,30292.3,35529.8,33442.6,34682.6,33310.8,33068.4,35820.2,37953.4,33207.6,30411.9,26252.9,24118.7,22612.8,17138.4,13002.4,12591.2,9026.49,5658.66,2963.28,3422.33,1250.28,950.355,165.6,0,0,0,0
0,0,0,0,78.1999,0,0,181.24,0,83.7199,253.92,334.881,967.835,1023.03,1990.92,2715.83,3242.02,5480.19,8746.83,8616.21,11959.2,14724.5,17795.2,20779.4,21194.3,25868.4,27355.9,25545.5,30772.5,29982.3,29057.8,26943.8,30954.7,29891.2,34453.9,31596.8,34659.5,40461.8,34324,41262,34515.7,34737.9,34450.3,28512.3,27747.8,23077.4,16689.4,13159.7,11671.3,8572.05,6178.41,3150.03,2225.51,1762.75,509.683,0,0,0,0,0
0,0,0,0,0,0,103.96,0,345.921,530.843,379.961,451.722,909.876,1347.81,2298.18,3114.15,3936.56,5139.82,7832.43,9240.83,13658.3,12968.4,17273.6,17984.7,21271.6,24425.1,26314.6,26462.7,26411.2,30285.9,26378.1,29238.1,29098.3,28776.3,32714.5,32090.8,32018.1,35369.4,37256.4,36270,37785.6,35451.4,30222.4,30753.2,25935.6,24812.3,14915.8,16440.1,11430.2,6787.4,4784.73,3693.7,2408.57,1575.06,273.24,169.28,0,0,0,0
0,0,0,0,0,90.1599,0,82.7999,82.7999,336.721,175.72,621.001,609.042,1401.17,2273.34,3862.97,3854.69,5921.75,8831.47,9734.83,11491,13051.1,17608.4,20034.3,24441.6,22779.3,24763.6,26327.5,27436.9,26086.4,28465.4,30476.3,29631.8,29806.6,34051.1,31161.7,33467.5,35311.3,35640.4,34961.9,37080.4,34284.3,33741.3,28773.5,23702,22542,15882.7,14373.1,10686.9,7560.13,5973.27,2900.73,2678.11,1483.98,696.44,407.562,0,0,0,0
0,0,0,0,0,0,156.4,508.763,183.08,357.881,109.48,537.283,547.403,1129.76,1223.6,1564.02,3809.61,6096.54,7176.53,10832.3,11341.9,13708,15410.7,19166.8,22393,24308.2,22855.7,25708.4,25838.1,26778.2,27907.9,25849.1,27156.3,31338.3,31801.9,35681,34197.7,37176.2,35671.7,39491.1,36706.1,36406.5,30739.4,31982.2,25621,21332.3,19707.7,14578.2,10838.7,8177.4,5436.96,4015.68,2989.04,1821.63,988.074,349.601,0,0,0,0
0,0,0,0,0,99.3599,0,0,88.3199,349.601,185.84,613.641,607.202,1091.12,1619.22,3761.78,4431.48,5988.91,8328.27,8998.89,12140.4,13707.1,18501.7,19372.9,21877.8,20809.8,25567.6,25771.8,26884.9,28837,28535.3,28138.8,30189.3,33568,31253.6,34678,33192.8,36243.3,35899.4,35571.3,35269.8,34156.2,33741.3,29730.3,23497.8,22511.6,16336.2,13470.6,11187.4,8489.26,4621.9,4042.35,2729.62,1204.28,642.161,252.08,0,0,0,0
0,0,0,0,0,0,243.8,288.88,0,145.36,254.84,364.321,519.803,1247.52,1820.71,2515.28,3604.47,6217.97,6941.95,8941.86,11741.2,14985.7,17904.7,18753.7,22559.5,25856.5,25280.6,28425.8,28209.6,29776.2,29060.5,30476.3,28887.6,32694.2,31558.1,32832.4,35910.5,37259.2,38401.4,37067.5,37660.2,37051.8,31922.4,27571.2,27282.3,21954.2,20612.9,14253.5,10954.6,7653.97,4958.6,5416.72,2287.14,1413.13,715.76,130.64,0,0,0,0
0,0,0,0,80.9599,68.0799,92.9199,180.32,170.2,169.28,445.282,265.88,183.08,824.318,1921,2113.28,4700.1,5057.95,6681.61,9175.52,11385.2,15425.5,15540.5,16718,22633.1,25701,23730.5,27087.3,25717.6,27310.9,30308,28883.9,28579.4,30148.8,31607.8,33891.6,34993.2,34137.7,37480.5,36110.6,34577.5,33783.7,31438.5,30702.6,25124.2,21720.5,17020.6,16221.2,11984,7483.78,5698.21,4019.36,3058.04,1961.48,1077.32,172.96,0,0,0,0
0,0,0,0,0,0,80.9599,77.2799,0,159.16,521.643,165.6,885.036,1371.73,2998.24,2632.11,5010.11,6976.9,7240,11055.8,12012.6,16780.5,17531.2,19211.9,21355.3,22078.3,26909.8,23669.8,29155.3,26962.2,28199.5,31119.3,28764.3,30968.5,29600.5,31180,34339.6,36114.2,36824.1,36138.2,41369.8,38549.8,34262.2,30744,28391.8,23446.3,17315,14913.1,10377.9,8644.72,5864.72,4168.38,2779.3,1930.2,359.721,155.48,0,0,0,0
0,0,0,0,0,0,0,80.0399,89.2399,161.92,241.04,621.921,979.795,884.116,1292.61,2508.84,3442.56,6642.97,8089.09,10552.6,10404.5,14146.8,16899.2,19331.5,22826.2,22425.2,24541.9,23844.6,26471,26986.1,25862,26579.5,29664,32386.1,28530.7,34755.4,31818.5,33638.1,34510.2,37636.3,36095.8,34613.4,36192.6,29598.7,27330.2,19448.3,19789.6,12884.6,10839.7,9776.23,6088.26,4720.34,3225.46,1629.34,500.483,250.24,0,0,0,0
0,0,0,0,0,0,98.4399,73.5999,181.24,0,202.4,796.718,614.561,1644.98,2368.1,1961.48,4149.98,6018.35,7448.82,10215.9,12962.8,15006,16120.9,23674.4,21460.2,23368.1,26616.3,25241,27664.1,29904.1,29555.5,28917,28082.7,27034.9,30477.2,31995.1,34990.5,33709.1,35670.8,37159.6,35758.4,34833.8,33694.3,30190.2,23305.5,21344.2,16864.2,12734.7,10629.9,8976.81,5454.43,3499.6,2523.56,1260.41,808.678,168.36,0,0,0,0
0,0,0,0,0,0,0,0,95.6799,197.8,149.96,356.041,700.12,1413.13,2001.96,2966.96,4561.19,5222.61,6679.77,10096.4,12257.3,13306,16534.9,19702.2,22461.9,21881.5,24564.9,25084.6,25861.1,29572,27533.5,28257.5,28368.8,28428.6,31726.5,36055.2,33798.5,35872.7,33628.9,38118.4,34373.7,36150.2,31993.3,30238,25722.2,21244.9,17131,14160.6,11573.8,6730.37,6016.51,3489.48,1656.94,1360.69,862.957,100.28,78.1999,0,0,0
0,0,0,0,0,0,0,0,345.001,90.1599,86.4799,784.758,823.398,1315.61,2082.92,2927.41,3020.32,4748.85,7470.9,8707.28,12231.5,13570,17587.3,20345.2,20742.6,22291.8,26762.6,25875.8,29182,26872.1,29002.6,31166.2,28997.1,27739.5,29501.2,33781.9,32120.2,37162.4,34765.5,38077.8,33923.9,36861.9,32134.9,31403.6,26755.2,21679.1,19086.8,15605.8,10133.2,6068.02,5850,4432.4,2072.8,1085.6,1091.12,0,0,0,0,0
0,0,0,0,0,85.5599,91.0799,0,270.48,78.1999,184.92,161,1191.4,929.196,2032.32,3103.11,3644.03,4676.18,7446.98,8486.5,11363.1,15218.5,16501.8,21097.7,21601.8,24941.1,24399.3,23967.9,27060.6,25267.7,29686.1,27761.6,28644.7,30004.4,31170.8,31629,33973.6,36076.4,36752.2,36963.3,34960.1,37734,33642.7,31380.6,23761.8,24464.6,18327.8,12767.8,11547.1,9028.33,5804,2808.74,2595.32,1448.09,1025.79,184.92,0,0,0,0
0,0,0,0,0,0,0,255.76,91.9999,100.28,510.603,314.64,640.321,1683.63,1665.22,2390.17,3492.24,6408.39,6201.41,10291.4,14124.7,16428.2,17369.3,23690,19393.1,24002.8,24116,26619.1,27731.3,28918,27709.2,30550.8,27539,29233.5,27073.5,31373.2,33934.9,37094.2,39113.1,39323.3,36356.7,34499.1,30345.7,27646.6,23853.8,22422.4,17840.3,14518.4,10156.2,7454.34,5522.51,4819.69,2410.41,1304.57,254.84,172.04,0,0,0,0
0,0,0,0,0,0,0,0,270.48,175.72,80.9599,404.802,610.881,1291.69,1450.85,2656.03,4161.94,5061.63,7422.15,9032.93,11178.2,14705.2,17171.5,19495.2,23050.7,21310.2,25365.2,27937.3,25587.8,28928.1,29668.6,30922.5,30826.8,27455.3,31640,32366.7,37136.6,32869.2,37624.3,37451,39001.6,33675,30511.3,33609.5,25271.4,18155.8,16369.3,15667.4,11950.9,8643.8,6214.29,3734.18,2285.3,1524.46,679.88,423.202,98.4399,0,0,0
0,0,0,0,0,86.4799,94.7599,0,91.0799,74.5199,356.961,657.801,1396.57,702.88,1724.11,2327.62,3611.83,4977.91,7941.9,9662.16,12020.8,16003.2,15039.1,16833.9,23767.3,24320.2,24560.3,27977.8,30204,30125.8,27294.3,29309.8,32284,28778.1,32712.6,33438,35462.5,33582.8,34449.3,34502.8,33122.8,33378.1,32071.5,30581.2,26415.8,22948.6,17090.5,11923.3,11547.1,6351.36,4448.04,4728.62,2749.86,1190.48,531.763,179.4,0,0,0,0
0,0,0,0,0,80.9599,96.5999,75.4399,0,163.76,72.6799,414.922,1145.4,995.434,1529.06,2165.71,3696.46,5495.83,7509.54,11632.6,11352.1,14415.4,17004.1,22616.5,22045.2,23851,22821.6,24780.2,28802.1,27728.5,26689,31656.6,29895.8,31130.4,30405.5,34408.8,31768.8,35799,38090.7,35681.9,36541.1,34276,33834.4,32309.7,25184,23498.7,15290.2,13532.3,10388,8341.15,5550.11,3965.08,2335.9,1418.65,969.675,167.44,0,0,0,0
0,0,0,0,0,82.7999,332.121,184,94.7599,73.5999,626.521,534.523,442.522,1104.92,1320.21,3816.05,4065.35,5813.2,8934.5,8607.01,11851.6,15490.8,17211,17517.4,21837.3,22059,24957.7,24093.9,29067,26609.9,26867.5,29676.9,28720.2,31584.8,31471.7,29239,31931.6,33892.5,38506.5,40052.5,36955,34834.7,30821.3,28795.6,22937.5,22737.9,17154.9,14704.2,9545.33,9528.77,6447.95,2488.61,2422.37,897.916,871.237,443.442,0,0,0,0
0,0,0,81.8799,0,0,0,0,0,172.04,550.163,452.642,1446.25,1239.24,1419.57,2474.81,3374.49,6516.94,6585.94,10041.2,13021.7,15878.1,15856.9,17165,23466.5,22515.3,27502.2,23763.6,26089.2,28406.5,27045.9,28757,30063.3,31857.1,30878.3,31188.3,33508.1,35552.8,38654,39829.4,37746.9,34297.2,34738.8,30696.2,27335.7,23214.4,17502.7,14716.2,11428.4,7587.73,4707.46,3777.42,2214.47,1060.76,860.197,161,0,0,0,0
0,0,0,0,0,91.9999,0,0,0,282.44,334.881,339.481,960.475,784.758,2157.43,2116.96,4391,5580.46,7471.82,10388.9,10741.2,13098.1,18594.6,19432.6,23229.2,25042.3,22142.7,26665.1,27174.7,27828.8,28018.3,26945.6,26908.9,31605.1,30821.3,30296,32524.1,35699.4,40215.7,38028.1,36659.1,30820.4,32750.4,29188.4,26210.6,23266.9,17352.7,13510.2,12384.2,9324.54,5595.18,3354.25,3000.08,1995.52,773.718,189.52,0,0,0,0
0,0,0,0,181.24,0,0,0,78.1999,183.08,412.162,503.243,763.599,1736.99,2139.03,2862.09,3599.87,6369.76,9056.85,9427.58,12619.7,13381.4,16055.6,18319.5,24407.6,23640.4,25575.9,25987.1,27631.9,26211.6,28641.1,29216.9,28688,31204,29451.5,31388,36672,34473.3,39122.3,35381.3,38303.7,39528.9,31561.8,28807.6,25586.9,21230.2,16718,13008.8,10139.6,6975.98,6174.73,4043.27,2644.99,1515.26,732.319,261.28,0,0,0,0
0,0,0,0,0,0,96.5999,0,91.9999,506.003,295.32,719.439,814.198,495.883,1631.18,2364.42,3661.51,5162.82,7047.74,10724.7,12122.9,15311.4,18148.4,18979.1,22132.6,24514.3,24920,24910.8,27372.5,27553.7,27608.9,33147.6,30095.5,32042.9,31320.8,30784.5,32899.7,33680.5,36260.8,35610.9,31847.9,32907,33928.5,28644.7,27962.2,20654.3,16983.8,15290.2,11410.9,6695.41,5728.57,4370.77,3264.1,1663.38,498.643,181.24,79.1199,0,0,0
0,0,0,0,0,0,0,89.2399,0,349.601,529.003,282.44,1230.96,1127.92,2075.56,2535.52,4952.16,5072.67,6789.24,10782.6,12598.5,15032.7,18439.1,17322.3,22081.1,22770.1,26055.2,24183.1,26218,29159.9,26656.8,29244.5,28435.9,30421.1,32153.3,32609.6,30905.9,34320.3,39836.8,37486,36800.1,35762.1,30165.4,31215.9,23970.6,23427.9,16831.1,13551.6,11126.7,6439.67,6267.64,3729.58,1994.6,978.875,538.203,176.64,0,0,0,0
0,0,0,0,0,171.12,0,0,101.2,448.042,161.92,365.241,1123.32,1315.61,2221.83,2455.49,3051.6,6131.5,5957.63,8529.73,11387.9,14297.6,15592,18631.4,22205.3,23406.7,27798.4,28156.3,25475.6,27726.7,28398.2,30615.2,26017.4,29616.2,30951.9,29650.2,32600.4,34157.1,38257.6,37389.2,40065.4,35384.1,35053.2,29696.2,26366.1,21987.3,17813.6,12164.3,8904.14,8662.2,4988.03,4464.6,2440.77,911.716,888.716,264.96,0,0,0,0
0,0,0,0,0,0,0,0,160.08,281.52,540.043,445.282,444.362,864.797,1583.34,3167.51,4080.99,4897.88,5823.32,8806.63,12230.6,12226,17136.5,20306.6,20575.2,24088.4,21532.8,22243.9,28468.1,24954,23802.3,29060.5,28848,27832.5,29435,30158.9,29631.8,34977.6,36911.7,32599.5,33485.1,32752.2,31904.9,29549.9,24203.4,19652.5,17673.8,12232.4,8611.61,6484.75,5425,3717.62,1426.93,1487.66,822.478,96.5999,91.9999,0,0,0
0,0,0,0,92.9199,80.0399,0,0,259.44,83.7199,153.64,361.561,289.8,856.517,1437.05,1683.63,2126.16,4047.87,5574.94,6424.03,7843.47,9352.14,10237.1,12380.5,15909.3,16293,15804.5,19605.6,20755.5,21162.1,19207.3,20658.9,22572.3,18614.8,25269.6,25113.2,24635.7,24828,26500.4,30315.3,24125.2,25975.1,25988,19649.7,19050.9,14888.2,13900.2,7574.85,7791.96,5011.95,3516.16,2220.91,1489.5,678.96,453.562,173.88,0,0,0,0
0,0,0,0,0,0,0,0,91.0799,0,0,104.88,264.96,339.481,807.758,982.555,1059.84,1895.24,2535.52,3747.06,3437.04,3109.55,6150.81,6112.18,6355.96,7787.36,8545.37,8406.46,7762.52,9495.65,8605.17,7412.03,7759.76,9607.88,9657.56,9751.39,9866.38,10979.5,13032.8,11562.7,11435.8,10145.1,11286.7,7765.28,7311.76,5896,5829.76,5032.19,2573.24,2211.71,2014.84,1103.08,529.923,423.202,90.1599,97.5199,0,0,0,0
0,0,0,0,0,0,0,0,91.9999,0,86.4799,73.5999,0,0,241.96,330.281,166.52,254.84,759.919,926.436,461.843,1170.24,986.234,1299.97,999.114,1079.16,1184.04,1081.92,1053.4,1032.23,1899.84,1368.97,1548.38,944.835,1024.87,1245.68,1922.84,1089.28,2277.02,1647.74,2475.73,2493.2,2383.73,1297.21,1056.16,1499.62,1150.92,1207.96,503.243,420.442,429.642,264.96,80.9599,96.5999,0,0,0,0,0,0
0,0,0,0,0,0,0,0,0,0,0,0,0,0,80.0399,95.6799,0,91.0799,99.3599,99.3599,79.1199,162.84,155.48,233.68,228.16,0,264.96,268.64,237.36,189.52,0,0,82.7999,0,82.7999,0,96.5999,87.3999,82.7999,187.68,206.08,76.3599,260.36,90.1599,267.72,99.3599,97.5199,0,0,90.1599,0,0,0,0,0,0,0,0,0,0
